INFO:root:,high,72,80.4866,2018-06-28 21:50:01.366865
INFO:werkzeug: * Running on http://0.0.0.0:80/ (Press CTRL+C to quit)
INFO:root:,high,72,80.4866,2018-06-28 21:50:04.442785
INFO:root:,high,72,80.4866,2018-06-28 21:50:07.402730
INFO:root:,high,72,80.4866,2018-06-28 21:50:10.362753
INFO:root:,high,72,80.4866,2018-06-28 21:50:13.322766
INFO:root:,high,72,80.825,2018-06-28 21:50:16.282845
INFO:root:,high,72,83.75,2018-06-28 21:50:19.242749
INFO:root:,high,72,86.9,2018-06-28 21:50:22.202871
INFO:root:,high,72,88.025,2018-06-28 21:50:25.162876
INFO:root:,high,72,88.1366,2018-06-28 21:50:28.122685
INFO:root:,high,72,88.025,2018-06-28 21:50:31.083363
INFO:root:,high,72,88.025,2018-06-28 21:50:34.042759
INFO:root:,high,72,87.8,2018-06-28 21:50:37.882902
INFO:root:,high,72,87.6866,2018-06-28 21:50:40.842930
INFO:werkzeug:192.168.1.104 - - [28/Jun/2018 21:50:42] "GET / HTTP/1.1" 200 -
INFO:werkzeug:192.168.1.104 - - [28/Jun/2018 21:50:43] "GET /favicon.ico HTTP/1.1" 404 -
INFO:root:GET,87.69,72
INFO:werkzeug:192.168.1.104 - - [28/Jun/2018 21:50:43] "GET /temp HTTP/1.1" 200 -
INFO:root:,high,72,87.575,2018-06-28 21:50:43.801304
INFO:root:GET,87.58,72
INFO:werkzeug:192.168.1.104 - - [28/Jun/2018 21:50:44] "GET /temp HTTP/1.1" 200 -
INFO:root:GET,87.58,72
INFO:werkzeug:192.168.1.104 - - [28/Jun/2018 21:50:45] "GET /temp HTTP/1.1" 200 -
INFO:root:,high,72,87.4616,2018-06-28 21:50:46.775606
INFO:root:GET,87.46,72
INFO:werkzeug:192.168.1.104 - - [28/Jun/2018 21:50:46] "GET /temp HTTP/1.1" 200 -
INFO:root:GET,87.46,72
INFO:werkzeug:192.168.1.104 - - [28/Jun/2018 21:50:47] "GET /temp HTTP/1.1" 200 -
INFO:root:GET,87.46,72
INFO:werkzeug:192.168.1.104 - - [28/Jun/2018 21:50:48] "GET /temp HTTP/1.1" 200 -
INFO:root:,high,72,87.35,2018-06-28 21:50:49.722807
INFO:root:GET,87.35,72
INFO:werkzeug:192.168.1.104 - - [28/Jun/2018 21:50:49] "GET /temp HTTP/1.1" 200 -
INFO:root:GET,87.35,72
INFO:werkzeug:192.168.1.104 - - [28/Jun/2018 21:50:50] "GET /temp HTTP/1.1" 200 -
INFO:root:GET,87.35,72
INFO:werkzeug:192.168.1.104 - - [28/Jun/2018 21:50:51] "GET /temp HTTP/1.1" 200 -
INFO:root:,high,72,87.2366,2018-06-28 21:50:52.682833
INFO:root:GET,87.24,72
INFO:werkzeug:192.168.1.104 - - [28/Jun/2018 21:50:52] "GET /temp HTTP/1.1" 200 -
INFO:root:GET,87.24,72
INFO:werkzeug:192.168.1.104 - - [28/Jun/2018 21:50:53] "GET /temp HTTP/1.1" 200 -
INFO:root:GET,87.24,72
INFO:werkzeug:192.168.1.104 - - [28/Jun/2018 21:50:54] "GET /temp HTTP/1.1" 200 -
INFO:root:,high,72,87.125,2018-06-28 21:50:55.642734
INFO:root:GET,87.13,72
INFO:werkzeug:192.168.1.104 - - [28/Jun/2018 21:50:55] "GET /temp HTTP/1.1" 200 -
INFO:root:GET,87.13,72
INFO:werkzeug:192.168.1.104 - - [28/Jun/2018 21:50:56] "GET /temp HTTP/1.1" 200 -
INFO:root:GET,87.13,72
INFO:werkzeug:192.168.1.104 - - [28/Jun/2018 21:50:57] "GET /temp HTTP/1.1" 200 -
INFO:root:POST,87.13,95
INFO:werkzeug:192.168.1.104 - - [28/Jun/2018 21:50:57] "POST /temp?setTemp=95 HTTP/1.1" 200 -
INFO:root:GET,87.13,72
INFO:werkzeug:192.168.1.104 - - [28/Jun/2018 21:50:57] "GET /temp HTTP/1.1" 200 -
INFO:root:,low,95,87.0116,2018-06-28 21:50:58.602199-04:00
INFO:root:GET,87.01,95
INFO:werkzeug:192.168.1.104 - - [28/Jun/2018 21:50:58] "GET /temp HTTP/1.1" 200 -
INFO:root:GET,87.01,95
INFO:werkzeug:192.168.1.104 - - [28/Jun/2018 21:50:59] "GET /temp HTTP/1.1" 200 -
INFO:root:GET,87.01,95
INFO:werkzeug:192.168.1.104 - - [28/Jun/2018 21:51:00] "GET /temp HTTP/1.1" 200 -
INFO:root:GET,87.01,95
INFO:werkzeug:192.168.1.104 - - [28/Jun/2018 21:51:01] "GET /temp HTTP/1.1" 200 -
INFO:root:,low,95,86.9,2018-06-28 21:51:02.682364-04:00
INFO:root:GET,86.9,95
INFO:werkzeug:192.168.1.104 - - [28/Jun/2018 21:51:02] "GET /temp HTTP/1.1" 200 -
INFO:root:GET,86.9,95
INFO:werkzeug:192.168.1.104 - - [28/Jun/2018 21:51:03] "GET /temp HTTP/1.1" 200 -
INFO:root:GET,86.9,95
INFO:werkzeug:192.168.1.104 - - [28/Jun/2018 21:51:04] "GET /temp HTTP/1.1" 200 -
INFO:root:GET,86.9,95
INFO:werkzeug:192.168.1.104 - - [28/Jun/2018 21:51:05] "GET /temp HTTP/1.1" 200 -
INFO:root:GET,86.9,95
INFO:werkzeug:192.168.1.104 - - [28/Jun/2018 21:51:06] "GET /temp HTTP/1.1" 200 -
INFO:root:,low,95,86.675,2018-06-28 21:51:06.842058-04:00
INFO:root:GET,86.67,95
INFO:werkzeug:192.168.1.104 - - [28/Jun/2018 21:51:07] "GET /temp HTTP/1.1" 200 -
INFO:root:GET,86.67,95
INFO:werkzeug:192.168.1.104 - - [28/Jun/2018 21:51:08] "GET /temp HTTP/1.1" 200 -
INFO:root:GET,86.67,95
INFO:werkzeug:192.168.1.104 - - [28/Jun/2018 21:51:09] "GET /temp HTTP/1.1" 200 -
INFO:root:GET,86.67,95
INFO:werkzeug:192.168.1.104 - - [28/Jun/2018 21:51:10] "GET /temp HTTP/1.1" 200 -
INFO:root:,low,95,86.5616,2018-06-28 21:51:10.922033-04:00
INFO:root:GET,86.56,95
INFO:werkzeug:192.168.1.104 - - [28/Jun/2018 21:51:11] "GET /temp HTTP/1.1" 200 -
INFO:root:GET,86.56,95
INFO:werkzeug:192.168.1.104 - - [28/Jun/2018 21:51:12] "GET /temp HTTP/1.1" 200 -
INFO:root:POST,86.56,80
INFO:werkzeug:192.168.1.104 - - [28/Jun/2018 21:51:13] "POST /temp?setTemp=80 HTTP/1.1" 200 -
INFO:root:GET,86.56,95
INFO:werkzeug:192.168.1.104 - - [28/Jun/2018 21:51:13] "GET /temp HTTP/1.1" 200 -
INFO:root:GET,86.56,95
INFO:werkzeug:192.168.1.104 - - [28/Jun/2018 21:51:13] "GET /temp HTTP/1.1" 200 -
INFO:root:GET,86.56,95
INFO:werkzeug:192.168.1.104 - - [28/Jun/2018 21:51:14] "GET /temp HTTP/1.1" 200 -
INFO:root:,high,80,86.45,2018-06-28 21:51:14.922638
INFO:root:GET,86.45,80
INFO:werkzeug:192.168.1.104 - - [28/Jun/2018 21:51:15] "GET /temp HTTP/1.1" 200 -
INFO:root:GET,86.45,80
INFO:werkzeug:192.168.1.104 - - [28/Jun/2018 21:51:16] "GET /temp HTTP/1.1" 200 -
INFO:root:GET,86.45,80
INFO:werkzeug:192.168.1.104 - - [28/Jun/2018 21:51:17] "GET /temp HTTP/1.1" 200 -
INFO:root:,high,80,86.3366,2018-06-28 21:51:17.882911
INFO:root:GET,86.34,80
INFO:werkzeug:192.168.1.104 - - [28/Jun/2018 21:51:18] "GET /temp HTTP/1.1" 200 -
INFO:root:GET,86.34,80
INFO:werkzeug:192.168.1.104 - - [28/Jun/2018 21:51:19] "GET /temp HTTP/1.1" 200 -
INFO:root:GET,86.34,80
INFO:werkzeug:192.168.1.104 - - [28/Jun/2018 21:51:20] "GET /temp HTTP/1.1" 200 -
INFO:root:,high,80,86.225,2018-06-28 21:51:20.842888
INFO:root:GET,86.22,80
INFO:werkzeug:192.168.1.104 - - [28/Jun/2018 21:51:21] "GET /temp HTTP/1.1" 200 -
INFO:root:GET,86.22,80
INFO:werkzeug:192.168.1.104 - - [28/Jun/2018 21:51:22] "GET /temp HTTP/1.1" 200 -
INFO:root:GET,86.22,80
INFO:werkzeug:192.168.1.104 - - [28/Jun/2018 21:51:23] "GET /temp HTTP/1.1" 200 -
INFO:root:,high,80,86.1116,2018-06-28 21:51:23.815063
INFO:root:GET,86.11,80
INFO:werkzeug:192.168.1.104 - - [28/Jun/2018 21:51:24] "GET /temp HTTP/1.1" 200 -
INFO:root:GET,86.11,80
INFO:werkzeug:192.168.1.104 - - [28/Jun/2018 21:51:25] "GET /temp HTTP/1.1" 200 -
INFO:root:,high,80,86.0,2018-06-28 21:51:26.762793
INFO:root:GET,86.0,80
INFO:werkzeug:192.168.1.104 - - [28/Jun/2018 21:51:26] "GET /temp HTTP/1.1" 200 -
INFO:root:GET,86.0,80
INFO:werkzeug:192.168.1.104 - - [28/Jun/2018 21:51:27] "GET /temp HTTP/1.1" 200 -
INFO:root:GET,86.0,80
INFO:werkzeug:192.168.1.104 - - [28/Jun/2018 21:51:28] "GET /temp HTTP/1.1" 200 -
INFO:root:,high,80,85.8866,2018-06-28 21:51:29.722616
INFO:root:GET,85.89,80
INFO:werkzeug:192.168.1.104 - - [28/Jun/2018 21:51:29] "GET /temp HTTP/1.1" 200 -
INFO:root:GET,85.89,80
INFO:werkzeug:192.168.1.104 - - [28/Jun/2018 21:51:30] "GET /temp HTTP/1.1" 200 -
INFO:root:GET,85.89,80
INFO:werkzeug:192.168.1.104 - - [28/Jun/2018 21:51:31] "GET /temp HTTP/1.1" 200 -
INFO:root:,high,80,85.6616,2018-06-28 21:51:32.682808
INFO:root:GET,85.66,80
INFO:werkzeug:192.168.1.104 - - [28/Jun/2018 21:51:32] "GET /temp HTTP/1.1" 200 -
INFO:root:GET,85.66,80
INFO:werkzeug:192.168.1.104 - - [28/Jun/2018 21:51:33] "GET /temp HTTP/1.1" 200 -
INFO:root:GET,85.66,80
INFO:werkzeug:192.168.1.104 - - [28/Jun/2018 21:51:34] "GET /temp HTTP/1.1" 200 -
INFO:root:,high,80,85.55,2018-06-28 21:51:35.642768
INFO:root:GET,85.55,80
INFO:werkzeug:192.168.1.104 - - [28/Jun/2018 21:51:35] "GET /temp HTTP/1.1" 200 -
INFO:root:GET,85.55,80
INFO:werkzeug:192.168.1.104 - - [28/Jun/2018 21:51:36] "GET /temp HTTP/1.1" 200 -
INFO:root:GET,85.55,80
INFO:werkzeug:192.168.1.104 - - [28/Jun/2018 21:51:37] "GET /temp HTTP/1.1" 200 -
INFO:root:,high,80,85.4366,2018-06-28 21:51:38.602959
INFO:root:GET,85.44,80
INFO:werkzeug:192.168.1.104 - - [28/Jun/2018 21:51:38] "GET /temp HTTP/1.1" 200 -
INFO:root:GET,85.44,80
INFO:werkzeug:192.168.1.104 - - [28/Jun/2018 21:51:39] "GET /temp HTTP/1.1" 200 -
INFO:root:GET,85.44,80
INFO:werkzeug:192.168.1.104 - - [28/Jun/2018 21:51:40] "GET /temp HTTP/1.1" 200 -
INFO:root:,high,80,85.325,2018-06-28 21:51:41.562720
INFO:root:GET,85.33,80
INFO:werkzeug:192.168.1.104 - - [28/Jun/2018 21:51:41] "GET /temp HTTP/1.1" 200 -
INFO:root:GET,85.33,80
INFO:werkzeug:192.168.1.104 - - [28/Jun/2018 21:51:42] "GET /temp HTTP/1.1" 200 -
INFO:root:GET,85.33,80
INFO:werkzeug:192.168.1.104 - - [28/Jun/2018 21:51:43] "GET /temp HTTP/1.1" 200 -
INFO:root:,high,80,85.2116,2018-06-28 21:51:44.522695
INFO:root:GET,85.21,80
INFO:werkzeug:192.168.1.104 - - [28/Jun/2018 21:51:44] "GET /temp HTTP/1.1" 200 -
INFO:root:GET,85.21,80
INFO:werkzeug:192.168.1.104 - - [28/Jun/2018 21:51:45] "GET /temp HTTP/1.1" 200 -
INFO:root:GET,85.21,80
INFO:werkzeug:192.168.1.104 - - [28/Jun/2018 21:51:46] "GET /temp HTTP/1.1" 200 -
INFO:root:,high,80,85.1,2018-06-28 21:51:47.482824
INFO:root:GET,85.1,80
INFO:werkzeug:192.168.1.104 - - [28/Jun/2018 21:51:47] "GET /temp HTTP/1.1" 200 -
INFO:root:GET,85.1,80
INFO:werkzeug:192.168.1.104 - - [28/Jun/2018 21:51:48] "GET /temp HTTP/1.1" 200 -
INFO:root:GET,85.1,80
INFO:werkzeug:192.168.1.104 - - [28/Jun/2018 21:51:49] "GET /temp HTTP/1.1" 200 -
INFO:root:,high,80,85.325,2018-06-28 21:51:50.442941
INFO:root:GET,85.33,80
INFO:werkzeug:192.168.1.104 - - [28/Jun/2018 21:51:50] "GET /temp HTTP/1.1" 200 -
INFO:root:GET,85.33,80
INFO:werkzeug:192.168.1.104 - - [28/Jun/2018 21:51:51] "GET /temp HTTP/1.1" 200 -
INFO:root:GET,85.33,80
INFO:werkzeug:192.168.1.104 - - [28/Jun/2018 21:51:52] "GET /temp HTTP/1.1" 200 -
INFO:root:,high,80,83.975,2018-06-28 21:53:16.455772
INFO:werkzeug: * Running on http://0.0.0.0:80/ (Press CTRL+C to quit)
INFO:root:GET,83.97,80
INFO:werkzeug:192.168.1.104 - - [28/Jun/2018 21:53:18] "GET /temp HTTP/1.1" 200 -
INFO:root:GET,83.97,80
INFO:werkzeug:192.168.1.104 - - [28/Jun/2018 21:53:19] "GET /temp HTTP/1.1" 200 -
INFO:root:,high,80,83.8616,2018-06-28 21:53:19.402930
INFO:root:GET,83.86,80
INFO:werkzeug:192.168.1.104 - - [28/Jun/2018 21:53:20] "GET /temp HTTP/1.1" 200 -
INFO:root:GET,83.86,80
INFO:werkzeug:192.168.1.104 - - [28/Jun/2018 21:53:21] "GET /temp HTTP/1.1" 200 -
INFO:root:GET,83.86,80
INFO:werkzeug:192.168.1.104 - - [28/Jun/2018 21:53:22] "GET /temp HTTP/1.1" 200 -
INFO:root:,high,80,83.8616,2018-06-28 21:53:22.362763
INFO:root:GET,83.86,80
INFO:werkzeug:192.168.1.104 - - [28/Jun/2018 21:53:23] "GET /temp HTTP/1.1" 200 -
INFO:root:GET,83.86,80
INFO:werkzeug:192.168.1.104 - - [28/Jun/2018 21:53:24] "GET /temp HTTP/1.1" 200 -
INFO:root:GET,83.86,80
INFO:werkzeug:192.168.1.104 - - [28/Jun/2018 21:53:25] "GET /temp HTTP/1.1" 200 -
INFO:root:,high,80,83.8616,2018-06-28 21:53:25.322786
INFO:root:GET,83.86,80
INFO:werkzeug:192.168.1.104 - - [28/Jun/2018 21:53:26] "GET /temp HTTP/1.1" 200 -
INFO:root:GET,83.86,80
INFO:werkzeug:192.168.1.104 - - [28/Jun/2018 21:53:27] "GET /temp HTTP/1.1" 200 -
INFO:root:GET,83.86,80
INFO:werkzeug:192.168.1.104 - - [28/Jun/2018 21:53:28] "GET /temp HTTP/1.1" 200 -
INFO:root:GET,83.86,80
INFO:werkzeug:192.168.1.104 - - [28/Jun/2018 21:53:29] "GET /temp HTTP/1.1" 200 -
INFO:root:,high,80,83.75,2018-06-28 21:53:29.168988
INFO:root:GET,83.75,80
INFO:werkzeug:192.168.1.104 - - [28/Jun/2018 21:53:30] "GET /temp HTTP/1.1" 200 -
INFO:root:GET,83.75,80
INFO:werkzeug:192.168.1.104 - - [28/Jun/2018 21:53:31] "GET /temp HTTP/1.1" 200 -
INFO:root:,high,80,83.75,2018-06-28 21:53:32.132945
INFO:root:GET,83.75,80
INFO:werkzeug:192.168.1.104 - - [28/Jun/2018 21:53:32] "GET /temp HTTP/1.1" 200 -
INFO:root:GET,83.75,80
INFO:werkzeug:192.168.1.104 - - [28/Jun/2018 21:53:33] "GET /temp HTTP/1.1" 200 -
INFO:root:GET,83.75,80
INFO:werkzeug:192.168.1.104 - - [28/Jun/2018 21:53:34] "GET /temp HTTP/1.1" 200 -
INFO:root:,high,80,83.75,2018-06-28 21:53:35.082555
INFO:root:GET,83.75,80
INFO:werkzeug:192.168.1.104 - - [28/Jun/2018 21:53:35] "GET /temp HTTP/1.1" 200 -
INFO:root:GET,83.75,80
INFO:werkzeug:192.168.1.104 - - [28/Jun/2018 21:53:36] "GET /temp HTTP/1.1" 200 -
INFO:root:GET,83.75,80
INFO:werkzeug:192.168.1.104 - - [28/Jun/2018 21:53:37] "GET /temp HTTP/1.1" 200 -
INFO:root:,high,80,83.6366,2018-06-28 21:53:38.043040
INFO:root:GET,83.64,80
INFO:werkzeug:192.168.1.104 - - [28/Jun/2018 21:53:38] "GET /temp HTTP/1.1" 200 -
INFO:root:GET,83.64,80
INFO:werkzeug:192.168.1.104 - - [28/Jun/2018 21:53:39] "GET /temp HTTP/1.1" 200 -
INFO:root:GET,83.64,80
INFO:werkzeug:192.168.1.104 - - [28/Jun/2018 21:53:40] "GET /temp HTTP/1.1" 200 -
INFO:root:,high,80,83.6366,2018-06-28 21:53:41.002691
INFO:root:GET,83.64,80
INFO:werkzeug:192.168.1.104 - - [28/Jun/2018 21:53:41] "GET /temp HTTP/1.1" 200 -
INFO:root:GET,83.64,80
INFO:werkzeug:192.168.1.104 - - [28/Jun/2018 21:53:42] "GET /temp HTTP/1.1" 200 -
INFO:root:GET,83.64,80
INFO:werkzeug:192.168.1.104 - - [28/Jun/2018 21:53:43] "GET /temp HTTP/1.1" 200 -
INFO:root:,high,80,83.6366,2018-06-28 21:53:43.962786
INFO:root:GET,83.64,80
INFO:werkzeug:192.168.1.104 - - [28/Jun/2018 21:53:44] "GET /temp HTTP/1.1" 200 -
INFO:root:GET,83.64,80
INFO:werkzeug:192.168.1.104 - - [28/Jun/2018 21:53:45] "GET /temp HTTP/1.1" 200 -
INFO:root:GET,83.64,80
INFO:werkzeug:192.168.1.104 - - [28/Jun/2018 21:53:46] "GET /temp HTTP/1.1" 200 -
INFO:root:,high,80,83.525,2018-06-28 21:53:46.922795
INFO:root:GET,83.53,80
INFO:werkzeug:192.168.1.104 - - [28/Jun/2018 21:53:47] "GET /temp HTTP/1.1" 200 -
INFO:root:GET,83.53,80
INFO:werkzeug:192.168.1.104 - - [28/Jun/2018 21:53:48] "GET /temp HTTP/1.1" 200 -
INFO:root:GET,83.53,80
INFO:werkzeug:192.168.1.104 - - [28/Jun/2018 21:53:49] "GET /temp HTTP/1.1" 200 -
INFO:root:,high,80,83.525,2018-06-28 21:53:49.882626
INFO:root:GET,83.53,80
INFO:werkzeug:192.168.1.104 - - [28/Jun/2018 21:53:50] "GET /temp HTTP/1.1" 200 -
INFO:root:GET,83.53,80
INFO:werkzeug:192.168.1.104 - - [28/Jun/2018 21:53:51] "GET /temp HTTP/1.1" 200 -
INFO:root:GET,83.53,80
INFO:werkzeug:192.168.1.104 - - [28/Jun/2018 21:53:52] "GET /temp HTTP/1.1" 200 -
INFO:root:,high,80,83.525,2018-06-28 21:53:52.842770
INFO:root:GET,83.53,80
INFO:werkzeug:192.168.1.104 - - [28/Jun/2018 21:53:53] "GET /temp HTTP/1.1" 200 -
INFO:root:GET,83.53,80
INFO:werkzeug:192.168.1.104 - - [28/Jun/2018 21:53:54] "GET /temp HTTP/1.1" 200 -
INFO:root:GET,83.53,80
INFO:werkzeug:192.168.1.104 - - [28/Jun/2018 21:53:55] "GET /temp HTTP/1.1" 200 -
INFO:root:,high,80,83.4116,2018-06-28 21:53:55.802831
INFO:root:GET,83.41,80
INFO:werkzeug:192.168.1.104 - - [28/Jun/2018 21:53:56] "GET /temp HTTP/1.1" 200 -
INFO:root:GET,83.41,80
INFO:werkzeug:192.168.1.104 - - [28/Jun/2018 21:53:57] "GET /temp HTTP/1.1" 200 -
INFO:root:GET,83.41,80
INFO:werkzeug:192.168.1.104 - - [28/Jun/2018 21:53:58] "GET /temp HTTP/1.1" 200 -
INFO:root:GET,83.41,80
INFO:werkzeug:192.168.1.104 - - [28/Jun/2018 21:53:59] "GET /temp HTTP/1.1" 200 -
INFO:root:,high,80,83.4116,2018-06-28 21:53:59.643527
INFO:root:GET,83.41,80
INFO:werkzeug:192.168.1.104 - - [28/Jun/2018 21:54:00] "GET /temp HTTP/1.1" 200 -
INFO:root:GET,83.41,80
INFO:werkzeug:192.168.1.104 - - [28/Jun/2018 21:54:01] "GET /temp HTTP/1.1" 200 -
INFO:root:GET,83.41,80
INFO:werkzeug:192.168.1.104 - - [28/Jun/2018 21:54:02] "GET /temp HTTP/1.1" 200 -
INFO:root:,high,80,83.3,2018-06-28 21:54:02.602800
INFO:root:GET,83.3,80
INFO:werkzeug:192.168.1.104 - - [28/Jun/2018 21:54:03] "GET /temp HTTP/1.1" 200 -
INFO:root:GET,83.3,80
INFO:werkzeug:192.168.1.104 - - [28/Jun/2018 21:54:04] "GET /temp HTTP/1.1" 200 -
INFO:root:GET,83.3,80
INFO:werkzeug:192.168.1.104 - - [28/Jun/2018 21:54:05] "GET /temp HTTP/1.1" 200 -
INFO:root:,high,80,83.3,2018-06-28 21:54:05.561096
INFO:root:GET,83.3,80
INFO:werkzeug:192.168.1.104 - - [28/Jun/2018 21:54:06] "GET /temp HTTP/1.1" 200 -
INFO:root:GET,83.3,80
INFO:werkzeug:192.168.1.104 - - [28/Jun/2018 21:54:07] "GET /temp HTTP/1.1" 200 -
INFO:root:GET,83.3,80
INFO:werkzeug:192.168.1.104 - - [28/Jun/2018 21:54:08] "GET /temp HTTP/1.1" 200 -
INFO:root:,high,80,83.1866,2018-06-28 21:54:08.522851
INFO:root:GET,83.19,80
INFO:werkzeug:192.168.1.104 - - [28/Jun/2018 21:54:09] "GET /temp HTTP/1.1" 200 -
INFO:root:GET,83.19,80
INFO:werkzeug:192.168.1.104 - - [28/Jun/2018 21:54:10] "GET /temp HTTP/1.1" 200 -
INFO:root:GET,83.19,80
INFO:werkzeug:192.168.1.104 - - [28/Jun/2018 21:54:11] "GET /temp HTTP/1.1" 200 -
INFO:root:,high,80,83.1866,2018-06-28 21:54:11.482856
INFO:root:GET,83.19,80
INFO:werkzeug:192.168.1.104 - - [28/Jun/2018 21:54:12] "GET /temp HTTP/1.1" 200 -
INFO:root:GET,83.19,80
INFO:werkzeug:192.168.1.104 - - [28/Jun/2018 21:54:13] "GET /temp HTTP/1.1" 200 -
INFO:root:GET,83.19,80
INFO:werkzeug:192.168.1.104 - - [28/Jun/2018 21:54:14] "GET /temp HTTP/1.1" 200 -
INFO:root:,high,80,83.1866,2018-06-28 21:54:14.442829
INFO:root:GET,83.19,80
INFO:werkzeug:192.168.1.104 - - [28/Jun/2018 21:54:15] "GET /temp HTTP/1.1" 200 -
INFO:root:GET,83.19,80
INFO:werkzeug:192.168.1.104 - - [28/Jun/2018 21:54:16] "GET /temp HTTP/1.1" 200 -
INFO:root:GET,83.19,80
INFO:werkzeug:192.168.1.104 - - [28/Jun/2018 21:54:17] "GET /temp HTTP/1.1" 200 -
INFO:root:,high,80,83.075,2018-06-28 21:54:17.402804
INFO:root:GET,83.08,80
INFO:werkzeug:192.168.1.104 - - [28/Jun/2018 21:54:18] "GET /temp HTTP/1.1" 200 -
INFO:root:GET,83.08,80
INFO:werkzeug:192.168.1.104 - - [28/Jun/2018 21:54:19] "GET /temp HTTP/1.1" 200 -
INFO:root:GET,83.08,80
INFO:werkzeug:192.168.1.104 - - [28/Jun/2018 21:54:20] "GET /temp HTTP/1.1" 200 -
INFO:root:,high,80,83.075,2018-06-28 21:54:20.360980
INFO:root:GET,83.08,80
INFO:werkzeug:192.168.1.104 - - [28/Jun/2018 21:54:21] "GET /temp HTTP/1.1" 200 -
INFO:root:GET,83.08,80
INFO:werkzeug:192.168.1.104 - - [28/Jun/2018 21:54:22] "GET /temp HTTP/1.1" 200 -
INFO:root:GET,83.08,80
INFO:werkzeug:192.168.1.104 - - [28/Jun/2018 21:54:23] "GET /temp HTTP/1.1" 200 -
INFO:root:GET,83.08,80
INFO:werkzeug:192.168.1.104 - - [28/Jun/2018 21:54:24] "GET /temp HTTP/1.1" 200 -
INFO:root:,high,80,83.075,2018-06-28 21:54:24.201379
INFO:root:GET,83.08,80
INFO:werkzeug:192.168.1.104 - - [28/Jun/2018 21:54:25] "GET /temp HTTP/1.1" 200 -
INFO:root:GET,83.08,80
INFO:werkzeug:192.168.1.104 - - [28/Jun/2018 21:54:26] "GET /temp HTTP/1.1" 200 -
INFO:root:GET,83.08,80
INFO:werkzeug:192.168.1.104 - - [28/Jun/2018 21:54:27] "GET /temp HTTP/1.1" 200 -
INFO:root:,high,80,82.9616,2018-06-28 21:54:28.144410
INFO:root:GET,83.08,80
INFO:werkzeug:192.168.1.104 - - [28/Jun/2018 21:54:28] "GET /temp HTTP/1.1" 200 -
INFO:root:GET,82.96,80
INFO:werkzeug:192.168.1.104 - - [28/Jun/2018 21:54:29] "GET /temp HTTP/1.1" 200 -
INFO:root:GET,82.96,80
INFO:werkzeug:192.168.1.104 - - [28/Jun/2018 21:54:30] "GET /temp HTTP/1.1" 200 -
INFO:root:GET,82.96,80
INFO:werkzeug:192.168.1.104 - - [28/Jun/2018 21:54:31] "GET /temp HTTP/1.1" 200 -
INFO:root:,high,80,82.85,2018-06-28 21:54:32.201082
INFO:root:GET,82.96,80
INFO:werkzeug:192.168.1.104 - - [28/Jun/2018 21:54:32] "GET /temp HTTP/1.1" 200 -
INFO:root:GET,82.85,80
INFO:werkzeug:192.168.1.104 - - [28/Jun/2018 21:54:33] "GET /temp HTTP/1.1" 200 -
INFO:root:GET,82.85,80
INFO:werkzeug:192.168.1.104 - - [28/Jun/2018 21:54:34] "GET /temp HTTP/1.1" 200 -
INFO:root:GET,82.85,80
INFO:werkzeug:192.168.1.104 - - [28/Jun/2018 21:54:35] "GET /temp HTTP/1.1" 200 -
INFO:root:,high,80,82.85,2018-06-28 21:54:35.420360
INFO:root:GET,82.85,80
INFO:werkzeug:192.168.1.104 - - [28/Jun/2018 21:54:36] "GET /temp HTTP/1.1" 200 -
INFO:root:GET,82.85,80
INFO:werkzeug:192.168.1.104 - - [28/Jun/2018 21:54:37] "GET /temp HTTP/1.1" 200 -
INFO:root:GET,82.85,80
INFO:werkzeug:192.168.1.104 - - [28/Jun/2018 21:54:38] "GET /temp HTTP/1.1" 200 -
INFO:root:GET,82.85,80
INFO:werkzeug:192.168.1.104 - - [28/Jun/2018 21:54:39] "GET /temp HTTP/1.1" 200 -
INFO:root:,high,80,82.7366,2018-06-28 21:54:39.330932
INFO:root:GET,82.74,80
INFO:werkzeug:192.168.1.104 - - [28/Jun/2018 21:54:40] "GET /temp HTTP/1.1" 200 -
INFO:root:GET,82.74,80
INFO:werkzeug:192.168.1.104 - - [28/Jun/2018 21:54:41] "GET /temp HTTP/1.1" 200 -
INFO:root:GET,82.74,80
INFO:werkzeug:192.168.1.104 - - [28/Jun/2018 21:54:42] "GET /temp HTTP/1.1" 200 -
INFO:root:,high,80,82.7366,2018-06-28 21:54:42.293094
INFO:root:GET,82.74,80
INFO:werkzeug:192.168.1.104 - - [28/Jun/2018 21:54:43] "GET /temp HTTP/1.1" 200 -
INFO:root:GET,82.74,80
INFO:werkzeug:192.168.1.104 - - [28/Jun/2018 21:54:44] "GET /temp HTTP/1.1" 200 -
INFO:root:GET,82.74,80
INFO:werkzeug:192.168.1.104 - - [28/Jun/2018 21:54:45] "GET /temp HTTP/1.1" 200 -
INFO:root:,high,80,82.625,2018-06-28 21:54:45.253725
INFO:root:GET,82.63,80
INFO:werkzeug:192.168.1.104 - - [28/Jun/2018 21:54:46] "GET /temp HTTP/1.1" 200 -
INFO:root:GET,82.63,80
INFO:werkzeug:192.168.1.104 - - [28/Jun/2018 21:54:47] "GET /temp HTTP/1.1" 200 -
INFO:root:GET,82.63,80
INFO:werkzeug:192.168.1.104 - - [28/Jun/2018 21:54:48] "GET /temp HTTP/1.1" 200 -
INFO:root:,high,80,82.625,2018-06-28 21:54:48.293639
INFO:root:GET,82.63,80
INFO:werkzeug:192.168.1.104 - - [28/Jun/2018 21:54:49] "GET /temp HTTP/1.1" 200 -
INFO:root:GET,82.63,80
INFO:werkzeug:192.168.1.104 - - [28/Jun/2018 21:54:50] "GET /temp HTTP/1.1" 200 -
INFO:root:GET,82.63,80
INFO:werkzeug:192.168.1.104 - - [28/Jun/2018 21:54:51] "GET /temp HTTP/1.1" 200 -
INFO:root:,high,80,82.5116,2018-06-28 21:54:51.253674
INFO:root:GET,82.51,80
INFO:werkzeug:192.168.1.104 - - [28/Jun/2018 21:54:52] "GET /temp HTTP/1.1" 200 -
INFO:root:GET,82.51,80
INFO:werkzeug:192.168.1.104 - - [28/Jun/2018 21:54:53] "GET /temp HTTP/1.1" 200 -
INFO:root:GET,82.51,80
INFO:werkzeug:192.168.1.104 - - [28/Jun/2018 21:54:54] "GET /temp HTTP/1.1" 200 -
INFO:root:GET,82.51,80
INFO:werkzeug:192.168.1.104 - - [28/Jun/2018 21:54:55] "GET /temp HTTP/1.1" 200 -
INFO:root:,high,80,82.5116,2018-06-28 21:54:55.257296
INFO:root:GET,82.51,80
INFO:werkzeug:192.168.1.104 - - [28/Jun/2018 21:54:56] "GET /temp HTTP/1.1" 200 -
INFO:root:GET,82.51,80
INFO:werkzeug:192.168.1.104 - - [28/Jun/2018 21:54:57] "GET /temp HTTP/1.1" 200 -
INFO:root:GET,82.51,80
INFO:werkzeug:192.168.1.104 - - [28/Jun/2018 21:54:58] "GET /temp HTTP/1.1" 200 -
INFO:root:,high,80,82.4,2018-06-28 21:54:58.462224
INFO:root:GET,82.4,80
INFO:werkzeug:192.168.1.104 - - [28/Jun/2018 21:54:59] "GET /temp HTTP/1.1" 200 -
INFO:root:GET,82.4,80
INFO:werkzeug:192.168.1.104 - - [28/Jun/2018 21:55:00] "GET /temp HTTP/1.1" 200 -
INFO:root:GET,82.4,80
INFO:werkzeug:192.168.1.104 - - [28/Jun/2018 21:55:01] "GET /temp HTTP/1.1" 200 -
INFO:root:,high,80,82.4,2018-06-28 21:55:01.592865
INFO:root:GET,82.4,80
INFO:werkzeug:192.168.1.104 - - [28/Jun/2018 21:55:02] "GET /temp HTTP/1.1" 200 -
INFO:root:GET,82.4,80
INFO:werkzeug:192.168.1.104 - - [28/Jun/2018 21:55:03] "GET /temp HTTP/1.1" 200 -
INFO:root:GET,82.4,80
INFO:werkzeug:192.168.1.104 - - [28/Jun/2018 21:55:04] "GET /temp HTTP/1.1" 200 -
INFO:root:,high,80,82.2866,2018-06-28 21:55:04.860460
INFO:werkzeug:192.168.1.104 - - [28/Jun/2018 21:55:07] "GET /temp HTTP/1.1" 500 -
INFO:root:GET,82.29,80
INFO:werkzeug:192.168.1.104 - - [28/Jun/2018 21:55:08] "GET /temp HTTP/1.1" 200 -
INFO:root:GET,82.29,80
INFO:werkzeug:192.168.1.104 - - [28/Jun/2018 21:55:08] "GET /temp HTTP/1.1" 200 -
INFO:root:GET,82.29,80
INFO:werkzeug:192.168.1.104 - - [28/Jun/2018 21:55:08] "GET /temp HTTP/1.1" 200 -
INFO:root:GET,82.29,80
INFO:werkzeug:192.168.1.104 - - [28/Jun/2018 21:55:09] "GET /temp HTTP/1.1" 200 -
INFO:root:GET,82.29,80
INFO:werkzeug:192.168.1.104 - - [28/Jun/2018 21:55:10] "GET /temp HTTP/1.1" 200 -
INFO:root:,high,80,82.2866,2018-06-28 21:55:11.013010
INFO:root:GET,82.29,80
INFO:werkzeug:192.168.1.104 - - [28/Jun/2018 21:55:11] "GET /temp HTTP/1.1" 200 -
INFO:root:GET,82.29,80
INFO:werkzeug:192.168.1.104 - - [28/Jun/2018 21:55:12] "GET /temp HTTP/1.1" 200 -
INFO:root:GET,82.29,80
INFO:werkzeug:192.168.1.104 - - [28/Jun/2018 21:55:13] "GET /temp HTTP/1.1" 200 -
INFO:root:GET,82.29,80
INFO:werkzeug:192.168.1.104 - - [28/Jun/2018 21:55:14] "GET /temp HTTP/1.1" 200 -
INFO:root:,high,80,82.2866,2018-06-28 21:55:14.185206
INFO:root:GET,82.29,80
INFO:werkzeug:192.168.1.104 - - [28/Jun/2018 21:55:15] "GET /temp HTTP/1.1" 200 -
INFO:root:GET,82.29,80
INFO:werkzeug:192.168.1.104 - - [28/Jun/2018 21:55:16] "GET /temp HTTP/1.1" 200 -
INFO:root:GET,82.29,80
INFO:werkzeug:192.168.1.104 - - [28/Jun/2018 21:55:17] "GET /temp HTTP/1.1" 200 -
INFO:root:,high,80,82.175,2018-06-28 21:55:17.252290
INFO:root:GET,82.17,80
INFO:werkzeug:192.168.1.104 - - [28/Jun/2018 21:55:18] "GET /temp HTTP/1.1" 200 -
INFO:root:GET,82.17,80
INFO:werkzeug:192.168.1.104 - - [28/Jun/2018 21:55:19] "GET /temp HTTP/1.1" 200 -
INFO:root:GET,82.17,80
INFO:werkzeug:192.168.1.104 - - [28/Jun/2018 21:55:20] "GET /temp HTTP/1.1" 200 -
INFO:root:,high,80,82.175,2018-06-28 21:55:20.203151
INFO:root:GET,82.17,80
INFO:werkzeug:192.168.1.104 - - [28/Jun/2018 21:55:21] "GET /temp HTTP/1.1" 200 -
INFO:root:GET,82.17,80
INFO:werkzeug:192.168.1.104 - - [28/Jun/2018 21:55:22] "GET /temp HTTP/1.1" 200 -
INFO:root:GET,82.17,80
INFO:werkzeug:192.168.1.104 - - [28/Jun/2018 21:55:23] "GET /temp HTTP/1.1" 200 -
INFO:root:,high,80,82.175,2018-06-28 21:55:23.163041
INFO:root:GET,82.17,80
INFO:werkzeug:192.168.1.104 - - [28/Jun/2018 21:55:24] "GET /temp HTTP/1.1" 200 -
INFO:root:GET,82.17,80
INFO:werkzeug:192.168.1.104 - - [28/Jun/2018 21:55:25] "GET /temp HTTP/1.1" 200 -
INFO:root:GET,82.17,80
INFO:root:,high,80,82.0616,2018-06-28 21:55:26.135768
INFO:werkzeug:192.168.1.104 - - [28/Jun/2018 21:55:26] "GET /temp HTTP/1.1" 200 -
INFO:root:GET,82.06,80
INFO:werkzeug:192.168.1.104 - - [28/Jun/2018 21:55:27] "GET /temp HTTP/1.1" 200 -
INFO:root:GET,82.06,80
INFO:werkzeug:192.168.1.104 - - [28/Jun/2018 21:55:28] "GET /temp HTTP/1.1" 200 -
INFO:root:,high,80,82.0616,2018-06-28 21:55:29.082808
INFO:root:GET,82.06,80
INFO:werkzeug:192.168.1.104 - - [28/Jun/2018 21:55:29] "GET /temp HTTP/1.1" 200 -
INFO:root:GET,82.06,80
INFO:werkzeug:192.168.1.104 - - [28/Jun/2018 21:55:30] "GET /temp HTTP/1.1" 200 -
INFO:root:GET,82.06,80
INFO:werkzeug:192.168.1.104 - - [28/Jun/2018 21:55:31] "GET /temp HTTP/1.1" 200 -
INFO:root:,high,80,82.0616,2018-06-28 21:55:32.042821
INFO:root:GET,82.06,80
INFO:werkzeug:192.168.1.104 - - [28/Jun/2018 21:55:32] "GET /temp HTTP/1.1" 200 -
INFO:root:GET,82.06,80
INFO:werkzeug:192.168.1.104 - - [28/Jun/2018 21:55:33] "GET /temp HTTP/1.1" 200 -
INFO:root:GET,82.06,80
INFO:werkzeug:192.168.1.104 - - [28/Jun/2018 21:55:34] "GET /temp HTTP/1.1" 200 -
INFO:root:,high,80,82.0616,2018-06-28 21:55:35.082809
INFO:root:GET,82.06,80
INFO:werkzeug:192.168.1.104 - - [28/Jun/2018 21:55:35] "GET /temp HTTP/1.1" 200 -
INFO:root:GET,82.06,80
INFO:werkzeug:192.168.1.104 - - [28/Jun/2018 21:55:36] "GET /temp HTTP/1.1" 200 -
INFO:root:GET,82.06,80
INFO:werkzeug:192.168.1.104 - - [28/Jun/2018 21:55:37] "GET /temp HTTP/1.1" 200 -
INFO:root:,high,80,81.95,2018-06-28 21:55:38.043872
INFO:root:GET,81.95,80
INFO:werkzeug:192.168.1.104 - - [28/Jun/2018 21:55:38] "GET /temp HTTP/1.1" 200 -
INFO:root:GET,81.95,80
INFO:werkzeug:192.168.1.104 - - [28/Jun/2018 21:55:39] "GET /temp HTTP/1.1" 200 -
INFO:root:GET,81.95,80
INFO:werkzeug:192.168.1.104 - - [28/Jun/2018 21:55:40] "GET /temp HTTP/1.1" 200 -
INFO:root:,high,80,81.95,2018-06-28 21:55:41.002813
INFO:root:GET,81.95,80
INFO:werkzeug:192.168.1.104 - - [28/Jun/2018 21:55:41] "GET /temp HTTP/1.1" 200 -
INFO:root:GET,81.95,80
INFO:werkzeug:192.168.1.104 - - [28/Jun/2018 21:55:42] "GET /temp HTTP/1.1" 200 -
INFO:root:GET,81.95,80
INFO:werkzeug:192.168.1.104 - - [28/Jun/2018 21:55:43] "GET /temp HTTP/1.1" 200 -
INFO:root:,high,80,81.95,2018-06-28 21:55:44.041384
INFO:root:GET,81.95,80
INFO:werkzeug:192.168.1.104 - - [28/Jun/2018 21:55:44] "GET /temp HTTP/1.1" 200 -
INFO:root:GET,81.95,80
INFO:werkzeug:192.168.1.104 - - [28/Jun/2018 21:55:45] "GET /temp HTTP/1.1" 200 -
INFO:root:GET,81.95,80
INFO:werkzeug:192.168.1.104 - - [28/Jun/2018 21:55:46] "GET /temp HTTP/1.1" 200 -
INFO:root:GET,81.95,80
INFO:werkzeug:192.168.1.104 - - [28/Jun/2018 21:55:47] "GET /temp HTTP/1.1" 200 -
INFO:root:,high,80,81.8366,2018-06-28 21:55:47.882735
INFO:root:GET,81.84,80
INFO:werkzeug:192.168.1.104 - - [28/Jun/2018 21:55:48] "GET /temp HTTP/1.1" 200 -
INFO:root:GET,81.84,80
INFO:werkzeug:192.168.1.104 - - [28/Jun/2018 21:55:49] "GET /temp HTTP/1.1" 200 -
INFO:root:GET,81.84,80
INFO:werkzeug:192.168.1.104 - - [28/Jun/2018 21:55:50] "GET /temp HTTP/1.1" 200 -
INFO:root:,high,80,81.8366,2018-06-28 21:55:50.843580
INFO:root:GET,81.84,80
INFO:werkzeug:192.168.1.104 - - [28/Jun/2018 21:55:51] "GET /temp HTTP/1.1" 200 -
INFO:root:GET,81.84,80
INFO:werkzeug:192.168.1.104 - - [28/Jun/2018 21:55:52] "GET /temp HTTP/1.1" 200 -
INFO:root:GET,81.84,80
INFO:werkzeug:192.168.1.104 - - [28/Jun/2018 21:55:53] "GET /temp HTTP/1.1" 200 -
INFO:root:,high,80,81.8366,2018-06-28 21:55:53.802753
INFO:root:GET,81.84,80
INFO:werkzeug:192.168.1.104 - - [28/Jun/2018 21:55:54] "GET /temp HTTP/1.1" 200 -
INFO:root:GET,81.84,80
INFO:werkzeug:192.168.1.104 - - [28/Jun/2018 21:55:55] "GET /temp HTTP/1.1" 200 -
INFO:root:GET,81.84,80
INFO:werkzeug:192.168.1.104 - - [28/Jun/2018 21:55:56] "GET /temp HTTP/1.1" 200 -
INFO:root:,high,80,81.8366,2018-06-28 21:55:56.762768
INFO:root:GET,81.84,80
INFO:werkzeug:192.168.1.104 - - [28/Jun/2018 21:55:57] "GET /temp HTTP/1.1" 200 -
INFO:root:GET,81.84,80
INFO:werkzeug:192.168.1.104 - - [28/Jun/2018 21:55:58] "GET /temp HTTP/1.1" 200 -
INFO:root:GET,81.84,80
INFO:werkzeug:192.168.1.104 - - [28/Jun/2018 21:55:59] "GET /temp HTTP/1.1" 200 -
INFO:root:,high,80,81.725,2018-06-28 21:55:59.801146
INFO:root:GET,81.72,80
INFO:werkzeug:192.168.1.104 - - [28/Jun/2018 21:56:00] "GET /temp HTTP/1.1" 200 -
INFO:root:GET,81.72,80
INFO:werkzeug:192.168.1.104 - - [28/Jun/2018 21:56:01] "GET /temp HTTP/1.1" 200 -
INFO:root:GET,81.72,80
INFO:werkzeug:192.168.1.104 - - [28/Jun/2018 21:56:02] "GET /temp HTTP/1.1" 200 -
INFO:root:,high,80,81.725,2018-06-28 21:56:02.762774
INFO:root:GET,81.72,80
INFO:werkzeug:192.168.1.104 - - [28/Jun/2018 21:56:03] "GET /temp HTTP/1.1" 200 -
INFO:root:GET,81.72,80
INFO:werkzeug:192.168.1.104 - - [28/Jun/2018 21:56:04] "GET /temp HTTP/1.1" 200 -
INFO:root:GET,81.72,80
INFO:werkzeug:192.168.1.104 - - [28/Jun/2018 21:56:05] "GET /temp HTTP/1.1" 200 -
INFO:root:,high,80,81.6116,2018-06-28 21:56:05.734448
INFO:root:GET,81.61,80
INFO:werkzeug:192.168.1.104 - - [28/Jun/2018 21:56:06] "GET /temp HTTP/1.1" 200 -
INFO:root:GET,81.61,80
INFO:werkzeug:192.168.1.104 - - [28/Jun/2018 21:56:07] "GET /temp HTTP/1.1" 200 -
INFO:root:GET,81.61,80
INFO:werkzeug:192.168.1.104 - - [28/Jun/2018 21:56:08] "GET /temp HTTP/1.1" 200 -
INFO:root:,high,80,81.6116,2018-06-28 21:56:08.762677
INFO:root:GET,81.61,80
INFO:werkzeug:192.168.1.104 - - [28/Jun/2018 21:56:09] "GET /temp HTTP/1.1" 200 -
INFO:root:GET,81.61,80
INFO:werkzeug:192.168.1.104 - - [28/Jun/2018 21:56:10] "GET /temp HTTP/1.1" 200 -
INFO:root:GET,81.61,80
INFO:werkzeug:192.168.1.104 - - [28/Jun/2018 21:56:11] "GET /temp HTTP/1.1" 200 -
INFO:root:,high,80,81.6116,2018-06-28 21:56:11.722670
INFO:root:GET,81.61,80
INFO:werkzeug:192.168.1.104 - - [28/Jun/2018 21:56:12] "GET /temp HTTP/1.1" 200 -
INFO:root:GET,81.61,80
INFO:werkzeug:192.168.1.104 - - [28/Jun/2018 21:56:13] "GET /temp HTTP/1.1" 200 -
INFO:root:GET,81.61,80
INFO:werkzeug:192.168.1.104 - - [28/Jun/2018 21:56:14] "GET /temp HTTP/1.1" 200 -
INFO:root:,high,80,81.5,2018-06-28 21:56:14.767477
INFO:root:GET,81.5,80
INFO:werkzeug:192.168.1.104 - - [28/Jun/2018 21:56:15] "GET /temp HTTP/1.1" 200 -
INFO:root:GET,81.5,80
INFO:werkzeug:192.168.1.104 - - [28/Jun/2018 21:56:16] "GET /temp HTTP/1.1" 200 -
INFO:root:GET,81.5,80
INFO:werkzeug:192.168.1.104 - - [28/Jun/2018 21:56:17] "GET /temp HTTP/1.1" 200 -
INFO:root:,high,80,81.5,2018-06-28 21:56:17.803061
INFO:root:GET,81.5,80
INFO:werkzeug:192.168.1.104 - - [28/Jun/2018 21:56:18] "GET /temp HTTP/1.1" 200 -
INFO:root:GET,81.5,80
INFO:werkzeug:192.168.1.104 - - [28/Jun/2018 21:56:19] "GET /temp HTTP/1.1" 200 -
INFO:root:GET,81.5,80
INFO:werkzeug:192.168.1.104 - - [28/Jun/2018 21:56:20] "GET /temp HTTP/1.1" 200 -
INFO:root:,high,80,81.5,2018-06-28 21:56:20.856616
INFO:root:GET,81.5,80
INFO:werkzeug:192.168.1.104 - - [28/Jun/2018 21:56:21] "GET /temp HTTP/1.1" 200 -
INFO:root:GET,81.5,80
INFO:werkzeug:192.168.1.104 - - [28/Jun/2018 21:56:22] "GET /temp HTTP/1.1" 200 -
INFO:root:GET,81.5,80
INFO:werkzeug:192.168.1.104 - - [28/Jun/2018 21:56:23] "GET /temp HTTP/1.1" 200 -
INFO:root:,high,80,81.5,2018-06-28 21:56:23.882978
INFO:root:GET,81.5,80
INFO:werkzeug:192.168.1.104 - - [28/Jun/2018 21:56:24] "GET /temp HTTP/1.1" 200 -
INFO:root:GET,81.5,80
INFO:werkzeug:192.168.1.104 - - [28/Jun/2018 21:56:25] "GET /temp HTTP/1.1" 200 -
INFO:root:GET,81.5,80
INFO:werkzeug:192.168.1.104 - - [28/Jun/2018 21:56:26] "GET /temp HTTP/1.1" 200 -
INFO:root:,high,80,81.3866,2018-06-28 21:56:26.922657
INFO:root:GET,81.39,80
INFO:werkzeug:192.168.1.104 - - [28/Jun/2018 21:56:27] "GET /temp HTTP/1.1" 200 -
INFO:root:GET,81.39,80
INFO:werkzeug:192.168.1.104 - - [28/Jun/2018 21:56:28] "GET /temp HTTP/1.1" 200 -
INFO:root:GET,81.39,80
INFO:werkzeug:192.168.1.104 - - [28/Jun/2018 21:56:29] "GET /temp HTTP/1.1" 200 -
INFO:root:,high,80,81.3866,2018-06-28 21:56:29.962878
INFO:root:GET,81.39,80
INFO:werkzeug:192.168.1.104 - - [28/Jun/2018 21:56:30] "GET /temp HTTP/1.1" 200 -
INFO:root:GET,81.39,80
INFO:werkzeug:192.168.1.104 - - [28/Jun/2018 21:56:31] "GET /temp HTTP/1.1" 200 -
INFO:root:GET,81.39,80
INFO:werkzeug:192.168.1.104 - - [28/Jun/2018 21:56:32] "GET /temp HTTP/1.1" 200 -
INFO:root:,high,80,81.3866,2018-06-28 21:56:33.016523
INFO:root:GET,81.39,80
INFO:werkzeug:192.168.1.104 - - [28/Jun/2018 21:56:33] "GET /temp HTTP/1.1" 200 -
INFO:root:GET,81.39,80
INFO:werkzeug:192.168.1.104 - - [28/Jun/2018 21:56:34] "GET /temp HTTP/1.1" 200 -
INFO:root:GET,81.39,80
INFO:werkzeug:192.168.1.104 - - [28/Jun/2018 21:56:35] "GET /temp HTTP/1.1" 200 -
INFO:root:,high,80,81.275,2018-06-28 21:56:36.042834
INFO:root:GET,81.28,80
INFO:werkzeug:192.168.1.104 - - [28/Jun/2018 21:56:36] "GET /temp HTTP/1.1" 200 -
INFO:root:GET,81.28,80
INFO:werkzeug:192.168.1.104 - - [28/Jun/2018 21:56:37] "GET /temp HTTP/1.1" 200 -
INFO:root:GET,81.28,80
INFO:werkzeug:192.168.1.104 - - [28/Jun/2018 21:56:38] "GET /temp HTTP/1.1" 200 -
INFO:root:,high,80,81.275,2018-06-28 21:56:39.083627
INFO:root:GET,81.28,80
INFO:werkzeug:192.168.1.104 - - [28/Jun/2018 21:56:39] "GET /temp HTTP/1.1" 200 -
INFO:root:GET,81.28,80
INFO:werkzeug:192.168.1.104 - - [28/Jun/2018 21:56:40] "GET /temp HTTP/1.1" 200 -
INFO:root:GET,81.28,80
INFO:werkzeug:192.168.1.104 - - [28/Jun/2018 21:56:41] "GET /temp HTTP/1.1" 200 -
INFO:root:GET,81.28,80
INFO:werkzeug:192.168.1.104 - - [28/Jun/2018 21:56:42] "GET /temp HTTP/1.1" 200 -
INFO:root:,high,80,81.275,2018-06-28 21:56:42.135568
INFO:root:GET,81.28,80
INFO:werkzeug:192.168.1.104 - - [28/Jun/2018 21:56:43] "GET /temp HTTP/1.1" 200 -
INFO:root:GET,81.28,80
INFO:werkzeug:192.168.1.104 - - [28/Jun/2018 21:56:44] "GET /temp HTTP/1.1" 200 -
INFO:root:GET,81.28,80
INFO:werkzeug:192.168.1.104 - - [28/Jun/2018 21:56:45] "GET /temp HTTP/1.1" 200 -
INFO:root:,high,80,81.275,2018-06-28 21:56:45.169624
INFO:root:GET,81.28,80
INFO:werkzeug:192.168.1.104 - - [28/Jun/2018 21:56:46] "GET /temp HTTP/1.1" 200 -
INFO:root:GET,81.28,80
INFO:werkzeug:192.168.1.104 - - [28/Jun/2018 21:56:47] "GET /temp HTTP/1.1" 200 -
INFO:root:GET,81.28,80
INFO:werkzeug:192.168.1.104 - - [28/Jun/2018 21:56:48] "GET /temp HTTP/1.1" 200 -
INFO:root:,high,80,81.1616,2018-06-28 21:56:48.202842
INFO:root:GET,81.16,80
INFO:werkzeug:192.168.1.104 - - [28/Jun/2018 21:56:49] "GET /temp HTTP/1.1" 200 -
INFO:root:GET,81.16,80
INFO:werkzeug:192.168.1.104 - - [28/Jun/2018 21:56:50] "GET /temp HTTP/1.1" 200 -
INFO:root:GET,81.16,80
INFO:werkzeug:192.168.1.104 - - [28/Jun/2018 21:56:51] "GET /temp HTTP/1.1" 200 -
INFO:root:GET,81.16,80
INFO:root:,high,80,81.1616,2018-06-28 21:56:52.132063
INFO:werkzeug:192.168.1.104 - - [28/Jun/2018 21:56:52] "GET /temp HTTP/1.1" 200 -
INFO:root:GET,81.16,80
INFO:werkzeug:192.168.1.104 - - [28/Jun/2018 21:56:53] "GET /temp HTTP/1.1" 200 -
INFO:root:GET,81.16,80
INFO:werkzeug:192.168.1.104 - - [28/Jun/2018 21:56:54] "GET /temp HTTP/1.1" 200 -
INFO:root:GET,81.16,80
INFO:werkzeug:192.168.1.104 - - [28/Jun/2018 21:56:55] "GET /temp HTTP/1.1" 200 -
INFO:root:,high,80,81.1616,2018-06-28 21:56:55.162872
INFO:root:GET,81.16,80
INFO:werkzeug:192.168.1.104 - - [28/Jun/2018 21:56:56] "GET /temp HTTP/1.1" 200 -
INFO:root:GET,81.16,80
INFO:werkzeug:192.168.1.104 - - [28/Jun/2018 21:56:57] "GET /temp HTTP/1.1" 200 -
INFO:root:,high,80,81.1616,2018-06-28 21:56:58.135429
INFO:root:GET,81.16,80
INFO:werkzeug:192.168.1.104 - - [28/Jun/2018 21:56:58] "GET /temp HTTP/1.1" 200 -
INFO:root:GET,81.16,80
INFO:werkzeug:192.168.1.104 - - [28/Jun/2018 21:56:59] "GET /temp HTTP/1.1" 200 -
INFO:root:GET,81.16,80
INFO:werkzeug:192.168.1.104 - - [28/Jun/2018 21:57:00] "GET /temp HTTP/1.1" 200 -
INFO:root:GET,81.16,80
INFO:werkzeug:192.168.1.104 - - [28/Jun/2018 21:57:01] "GET /temp HTTP/1.1" 200 -
INFO:root:,high,80,81.1616,2018-06-28 21:57:01.161144
INFO:root:GET,81.16,80
INFO:werkzeug:192.168.1.104 - - [28/Jun/2018 21:57:02] "GET /temp HTTP/1.1" 200 -
INFO:root:GET,81.16,80
INFO:werkzeug:192.168.1.104 - - [28/Jun/2018 21:57:03] "GET /temp HTTP/1.1" 200 -
INFO:root:GET,81.16,80
INFO:root:,high,80,81.05,2018-06-28 21:57:04.135875
INFO:werkzeug:192.168.1.104 - - [28/Jun/2018 21:57:04] "GET /temp HTTP/1.1" 200 -
INFO:root:GET,81.05,80
INFO:werkzeug:192.168.1.104 - - [28/Jun/2018 21:57:05] "GET /temp HTTP/1.1" 200 -
INFO:root:GET,81.05,80
INFO:werkzeug:192.168.1.104 - - [28/Jun/2018 21:57:06] "GET /temp HTTP/1.1" 200 -
INFO:root:GET,81.05,80
INFO:werkzeug:192.168.1.104 - - [28/Jun/2018 21:57:07] "GET /temp HTTP/1.1" 200 -
INFO:root:,high,80,81.05,2018-06-28 21:57:07.162885
INFO:root:GET,81.05,80
INFO:werkzeug:192.168.1.104 - - [28/Jun/2018 21:57:08] "GET /temp HTTP/1.1" 200 -
INFO:root:GET,81.05,80
INFO:werkzeug:192.168.1.104 - - [28/Jun/2018 21:57:09] "GET /temp HTTP/1.1" 200 -
INFO:root:GET,81.05,80
INFO:werkzeug:192.168.1.104 - - [28/Jun/2018 21:57:10] "GET /temp HTTP/1.1" 200 -
INFO:root:,high,80,81.05,2018-06-28 21:57:10.201117
INFO:root:GET,81.05,80
INFO:werkzeug:192.168.1.104 - - [28/Jun/2018 21:57:11] "GET /temp HTTP/1.1" 200 -
INFO:root:GET,81.05,80
INFO:werkzeug:192.168.1.104 - - [28/Jun/2018 21:57:12] "GET /temp HTTP/1.1" 200 -
INFO:root:GET,81.05,80
INFO:werkzeug:192.168.1.104 - - [28/Jun/2018 21:57:13] "GET /temp HTTP/1.1" 200 -
INFO:root:,high,80,80.9366,2018-06-28 21:57:13.172407
INFO:root:GET,80.94,80
INFO:werkzeug:192.168.1.104 - - [28/Jun/2018 21:57:14] "GET /temp HTTP/1.1" 200 -
INFO:root:GET,80.94,80
INFO:werkzeug:192.168.1.104 - - [28/Jun/2018 21:57:15] "GET /temp HTTP/1.1" 200 -
INFO:root:GET,80.94,80
INFO:werkzeug:192.168.1.104 - - [28/Jun/2018 21:57:16] "GET /temp HTTP/1.1" 200 -
INFO:root:,high,80,80.9366,2018-06-28 21:57:16.202747
INFO:root:GET,80.94,80
INFO:werkzeug:192.168.1.104 - - [28/Jun/2018 21:57:17] "GET /temp HTTP/1.1" 200 -
INFO:root:GET,80.94,80
INFO:werkzeug:192.168.1.104 - - [28/Jun/2018 21:57:18] "GET /temp HTTP/1.1" 200 -
INFO:root:GET,80.94,80
INFO:werkzeug:192.168.1.104 - - [28/Jun/2018 21:57:19] "GET /temp HTTP/1.1" 200 -
INFO:root:,high,80,80.9366,2018-06-28 21:57:19.162883
INFO:root:GET,80.94,80
INFO:werkzeug:192.168.1.104 - - [28/Jun/2018 21:57:20] "GET /temp HTTP/1.1" 200 -
INFO:root:GET,80.94,80
INFO:werkzeug:192.168.1.104 - - [28/Jun/2018 21:57:21] "GET /temp HTTP/1.1" 200 -
INFO:root:GET,80.94,80
INFO:root:,high,80,80.9366,2018-06-28 21:57:22.133282
INFO:werkzeug:192.168.1.104 - - [28/Jun/2018 21:57:22] "GET /temp HTTP/1.1" 200 -
INFO:root:GET,80.94,80
INFO:werkzeug:192.168.1.104 - - [28/Jun/2018 21:57:23] "GET /temp HTTP/1.1" 200 -
INFO:root:GET,80.94,80
INFO:werkzeug:192.168.1.104 - - [28/Jun/2018 21:57:24] "GET /temp HTTP/1.1" 200 -
INFO:root:,high,80,80.9366,2018-06-28 21:57:25.083713
INFO:root:GET,80.94,80
INFO:werkzeug:192.168.1.104 - - [28/Jun/2018 21:57:25] "GET /temp HTTP/1.1" 200 -
INFO:root:GET,80.94,80
INFO:werkzeug:192.168.1.104 - - [28/Jun/2018 21:57:26] "GET /temp HTTP/1.1" 200 -
INFO:root:GET,80.94,80
INFO:werkzeug:192.168.1.104 - - [28/Jun/2018 21:57:27] "GET /temp HTTP/1.1" 200 -
INFO:root:GET,80.94,80
INFO:werkzeug:192.168.1.104 - - [28/Jun/2018 21:57:28] "GET /temp HTTP/1.1" 200 -
INFO:root:,high,80,80.825,2018-06-28 21:57:29.002772
INFO:root:GET,80.83,80
INFO:werkzeug:192.168.1.104 - - [28/Jun/2018 21:57:29] "GET /temp HTTP/1.1" 200 -
INFO:root:GET,80.83,80
INFO:werkzeug:192.168.1.104 - - [28/Jun/2018 21:57:30] "GET /temp HTTP/1.1" 200 -
INFO:root:GET,80.83,80
INFO:werkzeug:192.168.1.104 - - [28/Jun/2018 21:57:31] "GET /temp HTTP/1.1" 200 -
INFO:root:,high,80,80.825,2018-06-28 21:57:32.042806
INFO:root:GET,80.83,80
INFO:werkzeug:192.168.1.104 - - [28/Jun/2018 21:57:32] "GET /temp HTTP/1.1" 200 -
INFO:root:GET,80.83,80
INFO:werkzeug:192.168.1.104 - - [28/Jun/2018 21:57:33] "GET /temp HTTP/1.1" 200 -
INFO:root:GET,80.83,80
INFO:werkzeug:192.168.1.104 - - [28/Jun/2018 21:57:34] "GET /temp HTTP/1.1" 200 -
INFO:root:,high,80,80.825,2018-06-28 21:57:35.083325
INFO:root:GET,80.83,80
INFO:werkzeug:192.168.1.104 - - [28/Jun/2018 21:57:35] "GET /temp HTTP/1.1" 200 -
INFO:root:GET,80.83,80
INFO:werkzeug:192.168.1.104 - - [28/Jun/2018 21:57:36] "GET /temp HTTP/1.1" 200 -
INFO:root:GET,80.83,80
INFO:werkzeug:192.168.1.104 - - [28/Jun/2018 21:57:37] "GET /temp HTTP/1.1" 200 -
INFO:root:GET,80.83,80
INFO:root:,high,80,80.825,2018-06-28 21:57:38.133022
INFO:werkzeug:192.168.1.104 - - [28/Jun/2018 21:57:38] "GET /temp HTTP/1.1" 200 -
INFO:root:GET,80.83,80
INFO:werkzeug:192.168.1.104 - - [28/Jun/2018 21:57:39] "GET /temp HTTP/1.1" 200 -
INFO:root:GET,80.83,80
INFO:werkzeug:192.168.1.104 - - [28/Jun/2018 21:57:40] "GET /temp HTTP/1.1" 200 -
INFO:root:GET,80.83,80
INFO:werkzeug:192.168.1.104 - - [28/Jun/2018 21:57:41] "GET /temp HTTP/1.1" 200 -
INFO:root:,high,80,80.825,2018-06-28 21:57:41.162859
INFO:root:GET,80.83,80
INFO:werkzeug:192.168.1.104 - - [28/Jun/2018 21:57:42] "GET /temp HTTP/1.1" 200 -
INFO:root:GET,80.83,80
INFO:werkzeug:192.168.1.104 - - [28/Jun/2018 21:57:43] "GET /temp HTTP/1.1" 200 -
INFO:root:GET,80.83,80
INFO:werkzeug:192.168.1.104 - - [28/Jun/2018 21:57:44] "GET /temp HTTP/1.1" 200 -
INFO:root:,high,80,80.7116,2018-06-28 21:57:44.128805
INFO:root:GET,80.71,80
INFO:werkzeug:192.168.1.104 - - [28/Jun/2018 21:57:45] "GET /temp HTTP/1.1" 200 -
INFO:root:GET,80.71,80
INFO:werkzeug:192.168.1.104 - - [28/Jun/2018 21:57:46] "GET /temp HTTP/1.1" 200 -
INFO:root:GET,80.71,80
INFO:werkzeug:192.168.1.104 - - [28/Jun/2018 21:57:47] "GET /temp HTTP/1.1" 200 -
INFO:root:,high,80,80.7116,2018-06-28 21:57:47.163081
INFO:root:GET,80.71,80
INFO:werkzeug:192.168.1.104 - - [28/Jun/2018 21:57:48] "GET /temp HTTP/1.1" 200 -
INFO:root:GET,80.71,80
INFO:werkzeug:192.168.1.104 - - [28/Jun/2018 21:57:49] "GET /temp HTTP/1.1" 200 -
INFO:root:GET,80.71,80
INFO:werkzeug:192.168.1.104 - - [28/Jun/2018 21:57:50] "GET /temp HTTP/1.1" 200 -
INFO:root:,high,80,80.7116,2018-06-28 21:57:50.202864
INFO:root:GET,80.71,80
INFO:werkzeug:192.168.1.104 - - [28/Jun/2018 21:57:51] "GET /temp HTTP/1.1" 200 -
INFO:root:GET,80.71,80
INFO:werkzeug:192.168.1.104 - - [28/Jun/2018 21:57:52] "GET /temp HTTP/1.1" 200 -
INFO:root:GET,80.71,80
INFO:werkzeug:192.168.1.104 - - [28/Jun/2018 21:57:53] "GET /temp HTTP/1.1" 200 -
INFO:root:,high,80,80.7116,2018-06-28 21:57:53.180028
INFO:root:GET,80.71,80
INFO:werkzeug:192.168.1.104 - - [28/Jun/2018 21:57:54] "GET /temp HTTP/1.1" 200 -
INFO:root:GET,80.71,80
INFO:werkzeug:192.168.1.104 - - [28/Jun/2018 21:57:55] "GET /temp HTTP/1.1" 200 -
INFO:root:GET,80.71,80
INFO:werkzeug:192.168.1.104 - - [28/Jun/2018 21:57:56] "GET /temp HTTP/1.1" 200 -
INFO:root:,high,80,80.6,2018-06-28 21:57:56.201100
INFO:root:GET,80.6,80
INFO:werkzeug:192.168.1.104 - - [28/Jun/2018 21:57:57] "GET /temp HTTP/1.1" 200 -
INFO:root:GET,80.6,80
INFO:werkzeug:192.168.1.104 - - [28/Jun/2018 21:57:58] "GET /temp HTTP/1.1" 200 -
INFO:root:GET,80.6,80
INFO:werkzeug:192.168.1.104 - - [28/Jun/2018 21:57:59] "GET /temp HTTP/1.1" 200 -
INFO:root:,high,80,80.6,2018-06-28 21:57:59.162861
INFO:root:GET,80.6,80
INFO:werkzeug:192.168.1.104 - - [28/Jun/2018 21:58:00] "GET /temp HTTP/1.1" 200 -
INFO:root:GET,80.6,80
INFO:werkzeug:192.168.1.104 - - [28/Jun/2018 21:58:01] "GET /temp HTTP/1.1" 200 -
INFO:root:GET,80.6,80
INFO:root:,high,80,80.6,2018-06-28 21:58:02.135449
INFO:werkzeug:192.168.1.104 - - [28/Jun/2018 21:58:02] "GET /temp HTTP/1.1" 200 -
INFO:root:GET,80.6,80
INFO:werkzeug:192.168.1.104 - - [28/Jun/2018 21:58:03] "GET /temp HTTP/1.1" 200 -
INFO:root:GET,80.6,80
INFO:werkzeug:192.168.1.104 - - [28/Jun/2018 21:58:04] "GET /temp HTTP/1.1" 200 -
INFO:root:,high,80,80.6,2018-06-28 21:58:05.082019
INFO:root:GET,80.6,80
INFO:werkzeug:192.168.1.104 - - [28/Jun/2018 21:58:05] "GET /temp HTTP/1.1" 200 -
INFO:root:GET,80.6,80
INFO:werkzeug:192.168.1.104 - - [28/Jun/2018 21:58:06] "GET /temp HTTP/1.1" 200 -
INFO:root:GET,80.6,80
INFO:werkzeug:192.168.1.104 - - [28/Jun/2018 21:58:07] "GET /temp HTTP/1.1" 200 -
INFO:root:,high,80,80.6,2018-06-28 21:58:08.043864
INFO:root:GET,80.6,80
INFO:werkzeug:192.168.1.104 - - [28/Jun/2018 21:58:08] "GET /temp HTTP/1.1" 200 -
INFO:root:GET,80.6,80
INFO:werkzeug:192.168.1.104 - - [28/Jun/2018 21:58:09] "GET /temp HTTP/1.1" 200 -
INFO:root:GET,80.6,80
INFO:werkzeug:192.168.1.104 - - [28/Jun/2018 21:58:10] "GET /temp HTTP/1.1" 200 -
INFO:root:,high,80,80.4866,2018-06-28 21:58:11.085016
INFO:root:GET,80.49,80
INFO:werkzeug:192.168.1.104 - - [28/Jun/2018 21:58:11] "GET /temp HTTP/1.1" 200 -
INFO:root:GET,80.49,80
INFO:werkzeug:192.168.1.104 - - [28/Jun/2018 21:58:12] "GET /temp HTTP/1.1" 200 -
INFO:root:GET,80.49,80
INFO:werkzeug:192.168.1.104 - - [28/Jun/2018 21:58:13] "GET /temp HTTP/1.1" 200 -
INFO:root:GET,80.49,80
INFO:werkzeug:192.168.1.104 - - [28/Jun/2018 21:58:14] "GET /temp HTTP/1.1" 200 -
INFO:root:GET,80.49,80
INFO:werkzeug:192.168.1.104 - - [28/Jun/2018 21:58:15] "GET /temp HTTP/1.1" 200 -
INFO:root:,high,80,80.4866,2018-06-28 21:58:15.184377
INFO:root:GET,80.49,80
INFO:werkzeug:192.168.1.104 - - [28/Jun/2018 21:58:16] "GET /temp HTTP/1.1" 200 -
INFO:root:GET,80.49,80
INFO:werkzeug:192.168.1.104 - - [28/Jun/2018 21:58:17] "GET /temp HTTP/1.1" 200 -
INFO:root:GET,80.49,80
INFO:werkzeug:192.168.1.104 - - [28/Jun/2018 21:58:18] "GET /temp HTTP/1.1" 200 -
INFO:root:,high,80,80.4866,2018-06-28 21:58:18.202908
INFO:root:GET,80.49,80
INFO:werkzeug:192.168.1.104 - - [28/Jun/2018 21:58:19] "GET /temp HTTP/1.1" 200 -
INFO:root:GET,80.49,80
INFO:werkzeug:192.168.1.104 - - [28/Jun/2018 21:58:20] "GET /temp HTTP/1.1" 200 -
INFO:root:GET,80.49,80
INFO:werkzeug:192.168.1.104 - - [28/Jun/2018 21:58:21] "GET /temp HTTP/1.1" 200 -
INFO:root:,high,80,80.4866,2018-06-28 21:58:21.242745
INFO:root:GET,80.49,80
INFO:werkzeug:192.168.1.104 - - [28/Jun/2018 21:58:22] "GET /temp HTTP/1.1" 200 -
INFO:root:GET,80.49,80
INFO:werkzeug:192.168.1.104 - - [28/Jun/2018 21:58:23] "GET /temp HTTP/1.1" 200 -
INFO:root:GET,80.49,80
INFO:werkzeug:192.168.1.104 - - [28/Jun/2018 21:58:24] "GET /temp HTTP/1.1" 200 -
INFO:root:,high,80,80.375,2018-06-28 21:58:24.202697
INFO:root:GET,80.38,80
INFO:werkzeug:192.168.1.104 - - [28/Jun/2018 21:58:25] "GET /temp HTTP/1.1" 200 -
INFO:root:GET,80.38,80
INFO:werkzeug:192.168.1.104 - - [28/Jun/2018 21:58:26] "GET /temp HTTP/1.1" 200 -
INFO:root:GET,80.38,80
INFO:werkzeug:192.168.1.104 - - [28/Jun/2018 21:58:27] "GET /temp HTTP/1.1" 200 -
INFO:root:,high,80,80.375,2018-06-28 21:58:27.162777
INFO:root:GET,80.38,80
INFO:werkzeug:192.168.1.104 - - [28/Jun/2018 21:58:28] "GET /temp HTTP/1.1" 200 -
INFO:root:GET,80.38,80
INFO:werkzeug:192.168.1.104 - - [28/Jun/2018 21:58:29] "GET /temp HTTP/1.1" 200 -
INFO:root:GET,80.38,80
INFO:werkzeug:192.168.1.104 - - [28/Jun/2018 21:58:30] "GET /temp HTTP/1.1" 200 -
INFO:root:,high,80,80.375,2018-06-28 21:58:30.130903
INFO:root:GET,80.38,80
INFO:werkzeug:192.168.1.104 - - [28/Jun/2018 21:58:31] "GET /temp HTTP/1.1" 200 -
INFO:root:GET,80.38,80
INFO:werkzeug:192.168.1.104 - - [28/Jun/2018 21:58:32] "GET /temp HTTP/1.1" 200 -
INFO:root:,high,80,80.375,2018-06-28 21:58:33.089512
INFO:root:GET,80.38,80
INFO:werkzeug:192.168.1.104 - - [28/Jun/2018 21:58:33] "GET /temp HTTP/1.1" 200 -
INFO:root:GET,80.38,80
INFO:werkzeug:192.168.1.104 - - [28/Jun/2018 21:58:34] "GET /temp HTTP/1.1" 200 -
INFO:root:GET,80.38,80
INFO:werkzeug:192.168.1.104 - - [28/Jun/2018 21:58:35] "GET /temp HTTP/1.1" 200 -
INFO:root:GET,80.38,80
INFO:werkzeug:192.168.1.104 - - [28/Jun/2018 21:58:36] "GET /temp HTTP/1.1" 200 -
INFO:root:,high,80,80.375,2018-06-28 21:58:36.130789
INFO:root:GET,80.38,80
INFO:werkzeug:192.168.1.104 - - [28/Jun/2018 21:58:37] "GET /temp HTTP/1.1" 200 -
INFO:root:GET,80.38,80
INFO:werkzeug:192.168.1.104 - - [28/Jun/2018 21:58:38] "GET /temp HTTP/1.1" 200 -
INFO:root:,high,80,80.375,2018-06-28 21:58:39.095383
INFO:root:GET,80.38,80
INFO:werkzeug:192.168.1.104 - - [28/Jun/2018 21:58:39] "GET /temp HTTP/1.1" 200 -
INFO:root:GET,80.38,80
INFO:werkzeug:192.168.1.104 - - [28/Jun/2018 21:58:40] "GET /temp HTTP/1.1" 200 -
INFO:root:GET,80.38,80
INFO:werkzeug:192.168.1.104 - - [28/Jun/2018 21:58:41] "GET /temp HTTP/1.1" 200 -
INFO:root:GET,80.38,80
INFO:werkzeug:192.168.1.104 - - [28/Jun/2018 21:58:42] "GET /temp HTTP/1.1" 200 -
INFO:root:,high,80,80.2616,2018-06-28 21:58:42.132796
INFO:root:GET,80.26,80
INFO:werkzeug:192.168.1.104 - - [28/Jun/2018 21:58:43] "GET /temp HTTP/1.1" 200 -
INFO:root:GET,80.26,80
INFO:werkzeug:192.168.1.104 - - [28/Jun/2018 21:58:44] "GET /temp HTTP/1.1" 200 -
INFO:root:GET,80.26,80
INFO:werkzeug:192.168.1.104 - - [28/Jun/2018 21:58:45] "GET /temp HTTP/1.1" 200 -
INFO:root:,high,80,80.2616,2018-06-28 21:58:45.962838
INFO:root:GET,80.26,80
INFO:werkzeug:192.168.1.104 - - [28/Jun/2018 21:58:46] "GET /temp HTTP/1.1" 200 -
INFO:root:,low,80,79.025,2018-06-28 22:16:50.850419-04:00
INFO:werkzeug: * Running on http://0.0.0.0:80/ (Press CTRL+C to quit)
INFO:root:GET,79.03,80
INFO:werkzeug:192.168.1.104 - - [28/Jun/2018 22:16:52] "GET /temp HTTP/1.1" 200 -
INFO:root:GET,79.03,80
INFO:werkzeug:192.168.1.104 - - [28/Jun/2018 22:16:53] "GET /temp HTTP/1.1" 200 -
INFO:root:,low,80,79.025,2018-06-28 22:17:08.384775-04:00
INFO:root:,low,80,79.025,2018-06-28 22:17:12.362256-04:00
INFO:root:,low,80,79.025,2018-06-28 22:17:32.221178-04:00
INFO:werkzeug: * Running on http://0.0.0.0:80/ (Press CTRL+C to quit)
INFO:root:GET,79.03,80
INFO:werkzeug:192.168.1.104 - - [28/Jun/2018 22:17:34] "GET /temp HTTP/1.1" 200 -
INFO:root:GET,79.03,80
INFO:werkzeug:192.168.1.104 - - [28/Jun/2018 22:17:35] "GET /temp HTTP/1.1" 200 -
INFO:root:GET,79.03,80
INFO:werkzeug:192.168.1.104 - - [28/Jun/2018 22:17:36] "GET /temp HTTP/1.1" 200 -
INFO:root:,low,80,79.025,2018-06-28 22:17:36.201981-04:00
INFO:root:GET,79.03,80
INFO:werkzeug:192.168.1.104 - - [28/Jun/2018 22:17:37] "GET /temp HTTP/1.1" 200 -
INFO:root:GET,79.03,80
INFO:werkzeug:192.168.1.104 - - [28/Jun/2018 22:17:38] "GET /temp HTTP/1.1" 200 -
INFO:root:GET,79.03,80
INFO:werkzeug:192.168.1.104 - - [28/Jun/2018 22:17:39] "GET /temp HTTP/1.1" 200 -
INFO:root:GET,79.03,80
INFO:werkzeug:192.168.1.104 - - [28/Jun/2018 22:17:40] "GET /temp HTTP/1.1" 200 -
INFO:root:GET,79.03,80
INFO:root:,low,80,79.025,2018-06-28 22:17:41.095139-04:00
INFO:werkzeug:192.168.1.104 - - [28/Jun/2018 22:17:41] "GET /temp HTTP/1.1" 200 -
INFO:root:GET,79.03,80
INFO:werkzeug:192.168.1.104 - - [28/Jun/2018 22:17:42] "GET /temp HTTP/1.1" 200 -
INFO:root:GET,79.03,80
INFO:werkzeug:192.168.1.104 - - [28/Jun/2018 22:17:43] "GET /temp HTTP/1.1" 200 -
INFO:root:GET,79.03,80
INFO:werkzeug:192.168.1.104 - - [28/Jun/2018 22:17:44] "GET /temp HTTP/1.1" 200 -
INFO:root:GET,79.03,80
INFO:root:,low,80,79.025,2018-06-28 22:17:45.095141-04:00
INFO:werkzeug:192.168.1.104 - - [28/Jun/2018 22:17:45] "GET /temp HTTP/1.1" 200 -
INFO:root:GET,79.03,80
INFO:werkzeug:192.168.1.104 - - [28/Jun/2018 22:17:46] "GET /temp HTTP/1.1" 200 -
INFO:root:GET,79.03,80
INFO:werkzeug:192.168.1.104 - - [28/Jun/2018 22:17:47] "GET /temp HTTP/1.1" 200 -
INFO:root:GET,79.03,80
INFO:werkzeug:192.168.1.104 - - [28/Jun/2018 22:17:48] "GET /temp HTTP/1.1" 200 -
INFO:root:GET,79.03,80
INFO:root:,low,80,79.1366,2018-06-28 22:17:49.089583-04:00
INFO:werkzeug:192.168.1.104 - - [28/Jun/2018 22:17:49] "GET /temp HTTP/1.1" 200 -
INFO:root:GET,79.14,80
INFO:werkzeug:192.168.1.104 - - [28/Jun/2018 22:17:50] "GET /temp HTTP/1.1" 200 -
INFO:root:GET,79.14,80
INFO:werkzeug:192.168.1.104 - - [28/Jun/2018 22:17:51] "GET /temp HTTP/1.1" 200 -
INFO:root:GET,79.14,80
INFO:werkzeug:192.168.1.104 - - [28/Jun/2018 22:17:52] "GET /temp HTTP/1.1" 200 -
INFO:root:GET,79.14,80
INFO:root:,low,80,79.1366,2018-06-28 22:17:53.095111-04:00
INFO:werkzeug:192.168.1.104 - - [28/Jun/2018 22:17:53] "GET /temp HTTP/1.1" 200 -
INFO:root:GET,79.14,80
INFO:werkzeug:192.168.1.104 - - [28/Jun/2018 22:17:54] "GET /temp HTTP/1.1" 200 -
INFO:root:GET,79.14,80
INFO:werkzeug:192.168.1.104 - - [28/Jun/2018 22:17:55] "GET /temp HTTP/1.1" 200 -
INFO:root:GET,79.14,80
INFO:werkzeug:192.168.1.104 - - [28/Jun/2018 22:17:56] "GET /temp HTTP/1.1" 200 -
INFO:root:GET,79.14,80
INFO:root:,low,80,79.1366,2018-06-28 22:17:57.095122-04:00
INFO:werkzeug:192.168.1.104 - - [28/Jun/2018 22:17:57] "GET /temp HTTP/1.1" 200 -
INFO:root:GET,79.14,80
INFO:werkzeug:192.168.1.104 - - [28/Jun/2018 22:17:58] "GET /temp HTTP/1.1" 200 -
INFO:root:GET,79.14,80
INFO:werkzeug:192.168.1.104 - - [28/Jun/2018 22:17:59] "GET /temp HTTP/1.1" 200 -
INFO:root:GET,79.14,80
INFO:werkzeug:192.168.1.104 - - [28/Jun/2018 22:18:00] "GET /temp HTTP/1.1" 200 -
INFO:root:GET,79.14,80
INFO:root:,low,80,79.1366,2018-06-28 22:18:01.095054-04:00
INFO:werkzeug:192.168.1.104 - - [28/Jun/2018 22:18:01] "GET /temp HTTP/1.1" 200 -
INFO:root:GET,79.14,80
INFO:werkzeug:192.168.1.104 - - [28/Jun/2018 22:18:02] "GET /temp HTTP/1.1" 200 -
INFO:root:GET,79.14,80
INFO:werkzeug:192.168.1.104 - - [28/Jun/2018 22:18:03] "GET /temp HTTP/1.1" 200 -
INFO:root:GET,79.14,80
INFO:werkzeug:192.168.1.104 - - [28/Jun/2018 22:18:04] "GET /temp HTTP/1.1" 200 -
INFO:root:GET,79.14,80
INFO:root:,low,80,79.1366,2018-06-28 22:18:05.089862-04:00
INFO:werkzeug:192.168.1.104 - - [28/Jun/2018 22:18:05] "GET /temp HTTP/1.1" 200 -
INFO:root:GET,79.14,80
INFO:werkzeug:192.168.1.104 - - [28/Jun/2018 22:18:06] "GET /temp HTTP/1.1" 200 -
INFO:root:GET,79.14,80
INFO:werkzeug:192.168.1.104 - - [28/Jun/2018 22:18:07] "GET /temp HTTP/1.1" 200 -
INFO:root:GET,79.14,80
INFO:werkzeug:192.168.1.104 - - [28/Jun/2018 22:18:08] "GET /temp HTTP/1.1" 200 -
INFO:root:GET,79.14,80
INFO:root:,low,80,79.1366,2018-06-28 22:18:09.095901-04:00
INFO:werkzeug:192.168.1.104 - - [28/Jun/2018 22:18:09] "GET /temp HTTP/1.1" 200 -
INFO:root:GET,79.14,80
INFO:werkzeug:192.168.1.104 - - [28/Jun/2018 22:18:10] "GET /temp HTTP/1.1" 200 -
INFO:root:GET,79.14,80
INFO:werkzeug:192.168.1.104 - - [28/Jun/2018 22:18:11] "GET /temp HTTP/1.1" 200 -
INFO:root:GET,79.14,80
INFO:werkzeug:192.168.1.104 - - [28/Jun/2018 22:18:12] "GET /temp HTTP/1.1" 200 -
INFO:root:GET,79.14,80
INFO:root:,low,80,79.1366,2018-06-28 22:18:13.095002-04:00
INFO:werkzeug:192.168.1.104 - - [28/Jun/2018 22:18:13] "GET /temp HTTP/1.1" 200 -
INFO:root:GET,79.14,80
INFO:werkzeug:192.168.1.104 - - [28/Jun/2018 22:18:14] "GET /temp HTTP/1.1" 200 -
INFO:root:GET,79.14,80
INFO:werkzeug:192.168.1.104 - - [28/Jun/2018 22:18:15] "GET /temp HTTP/1.1" 200 -
INFO:root:GET,79.14,80
INFO:werkzeug:192.168.1.104 - - [28/Jun/2018 22:18:16] "GET /temp HTTP/1.1" 200 -
INFO:root:,low,75,76.4366,2018-06-28 22:40:27.330853-04:00
INFO:root:,low,75,76.4366,2018-06-28 22:40:31.267331-04:00
INFO:root:,low,75,76.4366,2018-06-28 22:40:35.187457-04:00
INFO:root:,low,75,76.4366,2018-06-28 22:40:39.107487-04:00
INFO:root:,low,75,76.4366,2018-06-28 22:40:45.247825-04:00
INFO:root:,low,cool,75,76.8866,2018-06-28 22:44:29.644088-04:00
INFO:root:,low,cool,75,76.8866,2018-06-28 22:44:33.587686-04:00
INFO:root:,low,cool,75,76.8866,2018-06-28 22:44:37.507354-04:00
INFO:root:,low,cool,75,76.8866,2018-06-28 22:44:41.427589-04:00
INFO:root:,low,cool,75,77.225,2018-06-28 22:46:25.799676-04:00
INFO:root:,low,cool,75,77.225,2018-06-28 22:46:29.747330-04:00
INFO:root:,low,cool,75,77.225,2018-06-28 22:46:33.667540-04:00
INFO:root:,low,cool,75,77.225,2018-06-28 22:46:37.667555-04:00
INFO:root:,low,cool,75,77.225,2018-06-28 22:46:41.587332-04:00
INFO:root:,low,cool,75,77.3366,2018-06-28 22:46:45.507324-04:00
INFO:root:,low,cool,75,77.3366,2018-06-28 22:46:49.427612-04:00
INFO:root:,low,cool,75,77.3366,2018-06-28 22:46:54.227296-04:00
INFO:root:,low,cool,75,77.3366,2018-06-28 22:46:58.147235-04:00
INFO:root:,low,cool,75,77.3366,2018-06-28 22:47:02.067307-04:00
INFO:root:,low,cool,75,77.3366,2018-06-28 22:47:05.987274-04:00
INFO:root:,low,cool,75,77.3366,2018-06-28 22:47:09.987318-04:00
INFO:root:,low,cool,75,77.3366,2018-06-28 22:47:13.987507-04:00
INFO:root:,high,cool,78,77.3366,2018-06-28 22:47:33.502812
INFO:root:,high,COOL,77,76.4366,2018-06-29 00:47:47.564147
INFO:root:,high,COOL,77,76.325,2018-06-29 00:47:51.428206
INFO:root:,high,COOL,77,76.4366,2018-06-29 00:47:55.348117
INFO:root:,high,COOL,77,76.325,2018-06-29 00:47:59.268100
INFO:root:,high,COOL,77,76.325,2018-06-29 00:48:03.108202
INFO:root:,high,COOL,77,76.4366,2018-06-29 00:48:07.033636
INFO:root:,high,COOL,77,76.325,2018-06-29 00:48:10.959114
INFO:root:,high,COOL,77,76.325,2018-06-29 00:48:14.873338
INFO:root:,high,COOL,77,76.4366,2018-06-29 00:48:18.799026
INFO:root:,high,COOL,77,76.4366,2018-06-29 00:48:22.719126
INFO:root:,high,COOL,77,76.325,2018-06-29 00:48:26.633851
INFO:root:,high,COOL,77,76.325,2018-06-29 00:48:30.558549
INFO:root:,high,COOL,77,76.325,2018-06-29 00:48:34.479032
INFO:root:,high,COOL,77,76.325,2018-06-29 00:48:38.398377
INFO:root:,high,COOL,77,76.4366,2018-06-29 00:48:42.320052
INFO:root:,high,COOL,77,76.325,2018-06-29 00:48:46.228194
INFO:root:,high,COOL,77,76.325,2018-06-29 00:48:50.148160
INFO:root:,high,COOL,77,76.325,2018-06-29 00:48:54.068032
